Timestamp,Speed_kmh,Accel_ms2,Raw_RPM,Filtered_RPM,Brake_State,Control_Mode
2026-06-12 18:41:21.402,0.00,0.00,0.00,0.00,0,0
2026-06-12 18:41:21.450,0.00,0.00,0.00,0.00,0,2
2026-06-12 18:41:21.501,0.00,0.00,0.00,0.00,2,0
2026-06-12 18:41:21.551,0.00,0.00,0.00,0.00,2,0
2026-06-12 18:41:21.601,0.00,0.00,0.00,0.00,2,0
2026-06-12 18:41:21.654,0.00,0.00,0.00,0.00,2,0
2026-06-12 18:41:21.702,0.00,0.00,0.00,0.00,2,0
2026-06-12 18:41:21.752,0.00,0.00,0.00,0.00,2,0
2026-06-12 18:41:21.803,0.00,0.00,0.00,0.00,2,0
2026-06-12 18:41:21.854,0.00,0.00,0.00,0.00,2,0
2026-06-12 18:41:21.904,0.00,0.00,0.00,0.00,2,0
2026-06-12 18:41:21.954,0.00,0.00,0.00,0.00,2,0
2026-06-12 18:41:22.005,0.00,0.00,0.00,0.00,2,0
2026-06-12 18:41:22.055,0.00,0.00,0.00,0.00,2,0
2026-06-12 18:41:22.105,0.00,0.00,0.00,0.00,2,0
2026-06-12 18:41:22.156,0.00,0.00,0.00,0.00,2,0
2026-06-12 18:41:22.206,0.00,0.00,0.00,0.00,2,0
2026-06-12 18:41:22.256,0.00,0.00,0.00,0.00,2,0
2026-06-12 18:41:22.307,0.00,0.00,0.00,0.00,2,0
2026-06-12 18:41:22.357,0.00,0.00,0.00,0.00,2,0
2026-06-12 18:41:22.408,0.00,0.00,0.00,0.00,2,0
2026-06-12 18:41:22.458,0.00,0.00,0.00,0.00,2,0
2026-06-12 18:41:22.508,0.00,0.00,0.00,0.00,2,0
2026-06-12 18:41:22.559,0.00,0.00,0.00,0.00,2,0
2026-06-12 18:41:22.610,0.00,0.00,0.00,0.00,2,0
2026-06-12 18:41:22.660,0.00,0.00,0.00,0.00,2,0
2026-06-12 18:41:22.710,0.00,0.00,0.00,0.00,2,0
2026-06-12 18:41:22.761,0.00,0.00,0.00,0.00,2,0
2026-06-12 18:41:22.812,0.00,0.00,0.00,0.00,2,0
2026-06-12 18:41:22.861,0.00,0.00,0.00,0.00,2,0
2026-06-12 18:41:22.912,0.00,0.00,0.00,0.00,2,0
2026-06-12 18:41:22.965,0.00,0.00,0.00,0.00,2,0
2026-06-12 18:41:23.012,0.00,0.00,0.00,0.00,2,0
2026-06-12 18:41:23.063,0.00,0.00,0.00,0.00,2,0
2026-06-12 18:41:23.114,0.00,0.00,0.00,0.00,2,0
2026-06-12 18:41:23.164,0.00,0.00,0.00,0.00,2,0
2026-06-12 18:41:23.214,0.00,0.00,0.00,0.00,2,0
2026-06-12 18:41:23.264,0.00,0.00,0.00,0.00,2,0
2026-06-12 18:41:23.315,0.00,0.00,0.00,0.00,2,0
2026-06-12 18:41:23.365,0.00,0.00,0.00,0.00,2,0
2026-06-12 18:41:23.416,0.00,0.00,0.00,0.00,2,0
2026-06-12 18:41:23.466,0.00,0.00,0.00,0.00,2,0
2026-06-12 18:41:23.516,0.00,0.00,0.00,0.00,2,0
2026-06-12 18:41:23.567,0.00,0.00,0.00,0.00,2,0
2026-06-12 18:41:23.617,0.00,0.00,0.00,0.00,2,0
2026-06-12 18:41:23.667,0.00,0.00,0.00,0.00,2,0
2026-06-12 18:41:23.719,0.00,0.00,0.00,0.00,2,0
2026-06-12 18:41:23.769,0.00,0.00,0.00,0.00,2,0
2026-06-12 18:41:23.819,0.00,0.00,0.00,0.00,2,0
2026-06-12 18:41:23.869,0.00,0.00,0.00,0.00,2,0
2026-06-12 18:41:23.919,0.00,0.00,0.00,0.00,2,0
2026-06-12 18:41:23.970,0.00,0.00,0.00,0.00,2,0
2026-06-12 18:41:24.020,0.00,0.00,0.00,0.00,2,0
2026-06-12 18:41:24.071,0.00,0.00,0.00,0.00,2,0
2026-06-12 18:41:24.121,0.00,0.00,0.00,0.00,2,0
2026-06-12 18:41:24.176,0.00,0.00,0.00,0.00,2,0
2026-06-12 18:41:24.222,0.00,0.00,0.00,0.00,2,0
2026-06-12 18:41:24.272,0.00,0.00,0.00,0.00,2,0
2026-06-12 18:41:24.322,0.00,0.00,0.00,0.00,2,0
2026-06-12 18:41:24.374,0.00,0.00,0.00,0.00,2,0
2026-06-12 18:41:24.426,0.00,0.00,0.00,0.00,2,0
2026-06-12 18:41:24.474,0.00,0.00,0.00,0.00,2,0
2026-06-12 18:41:24.524,0.00,0.00,0.00,0.00,2,0
2026-06-12 18:41:24.574,0.00,0.00,0.00,0.00,2,0
2026-06-12 18:41:24.625,0.00,0.00,0.00,0.00,2,0
2026-06-12 18:41:24.675,0.00,0.00,0.00,0.00,2,0
2026-06-12 18:41:24.726,0.00,0.00,0.00,0.00,2,0
2026-06-12 18:41:24.776,0.00,0.00,0.00,0.00,2,0
2026-06-12 18:41:24.826,0.00,0.00,0.00,0.00,2,0
2026-06-12 18:41:24.877,0.00,0.00,0.00,0.00,2,0
2026-06-12 18:41:24.927,0.00,0.00,0.00,0.00,2,0
2026-06-12 18:41:24.977,0.00,0.00,0.00,0.00,2,0
2026-06-12 18:41:25.028,0.00,0.00,0.00,0.00,2,0
2026-06-12 18:41:25.084,0.00,0.00,0.00,0.00,2,0
2026-06-12 18:41:25.129,0.00,0.00,0.00,0.00,2,0
2026-06-12 18:41:25.179,0.00,0.00,0.00,0.00,2,0
2026-06-12 18:41:25.230,0.00,0.00,0.00,0.00,2,0
2026-06-12 18:41:25.280,0.00,0.00,0.00,0.00,2,0
2026-06-12 18:41:25.330,0.00,0.00,0.00,0.00,2,0
2026-06-12 18:41:25.381,0.00,0.00,0.00,0.00,2,0
2026-06-12 18:41:25.431,0.00,0.00,0.00,0.00,2,0
2026-06-12 18:41:25.481,0.00,0.00,0.00,0.00,2,0
2026-06-12 18:41:25.532,0.00,0.00,0.00,0.00,2,0
2026-06-12 18:41:25.582,0.00,0.00,0.00,0.00,2,0
2026-06-12 18:41:25.633,0.00,0.00,0.00,0.00,2,0
2026-06-12 18:41:25.683,0.00,0.00,0.00,0.00,2,0
2026-06-12 18:41:25.734,0.00,0.00,0.00,0.00,2,0
2026-06-12 18:41:25.784,0.00,0.00,0.00,0.00,2,0
2026-06-12 18:41:25.835,0.00,0.00,0.00,0.00,2,0
2026-06-12 18:41:25.885,0.00,0.00,0.00,0.00,2,0
2026-06-12 18:41:25.935,0.00,0.00,0.00,0.00,2,0
2026-06-12 18:41:25.985,0.00,0.00,0.00,0.00,2,0
2026-06-12 18:41:26.036,0.00,0.00,0.00,0.00,2,0
2026-06-12 18:41:26.086,0.00,0.00,0.00,0.00,2,0
2026-06-12 18:41:26.137,0.00,0.00,0.00,0.00,2,0
2026-06-12 18:41:26.187,0.00,0.00,0.00,0.00,2,0
2026-06-12 18:41:26.237,0.00,0.00,0.00,0.00,2,0
2026-06-12 18:41:26.288,0.00,0.00,0.00,0.00,2,0
2026-06-12 18:41:26.340,0.00,0.00,0.00,0.00,2,0
2026-06-12 18:41:26.388,0.00,0.00,0.00,0.00,2,0
2026-06-12 18:41:26.439,0.00,0.00,0.00,0.00,2,0
2026-06-12 18:41:26.489,0.00,0.00,0.00,0.00,2,0
2026-06-12 18:41:26.542,0.00,0.00,0.00,0.00,2,0
2026-06-12 18:41:26.590,0.00,0.00,0.00,0.00,2,0
2026-06-12 18:41:26.640,0.00,0.00,0.00,0.00,2,0
2026-06-12 18:41:26.691,0.00,0.00,0.00,0.00,2,0
2026-06-12 18:41:26.741,0.00,0.00,0.00,0.00,2,0
2026-06-12 18:41:26.792,0.00,0.00,0.00,0.00,2,0
2026-06-12 18:41:26.842,0.00,0.00,0.00,0.00,2,0
2026-06-12 18:41:26.892,0.00,0.00,0.00,0.00,2,0
2026-06-12 18:41:26.943,0.00,0.00,0.00,0.00,2,0
2026-06-12 18:41:26.994,0.00,0.00,0.00,0.00,2,0
2026-06-12 18:41:27.044,0.00,0.00,0.00,0.00,2,0
2026-06-12 18:41:27.094,0.00,0.00,0.00,0.00,2,0
2026-06-12 18:41:27.144,0.00,0.00,0.00,0.00,2,0
2026-06-12 18:41:27.195,0.00,0.00,0.00,0.00,2,0
2026-06-12 18:41:27.245,0.00,0.00,0.00,0.00,2,0
2026-06-12 18:41:27.296,0.00,0.00,0.00,0.00,2,0
2026-06-12 18:41:27.346,0.00,0.00,0.00,0.00,2,0
2026-06-12 18:41:27.396,0.00,0.00,0.00,0.00,2,0
2026-06-12 18:41:27.447,0.00,0.00,0.00,0.00,2,0
2026-06-12 18:41:27.497,0.00,0.00,0.00,0.00,2,0
2026-06-12 18:41:27.548,0.00,0.00,0.00,0.00,2,0
2026-06-12 18:41:27.598,0.00,0.00,0.00,0.00,2,0
2026-06-12 18:41:27.648,0.00,0.00,0.00,0.00,2,0
2026-06-12 18:41:27.699,0.00,0.00,0.00,0.00,2,0
2026-06-12 18:41:27.749,0.00,0.00,0.00,0.00,2,0
2026-06-12 18:41:27.800,0.00,0.00,0.00,0.00,2,0
2026-06-12 18:41:27.850,0.00,0.00,0.00,0.00,2,0
2026-06-12 18:41:27.901,0.00,0.00,0.00,0.00,2,0
2026-06-12 18:41:27.951,0.00,0.00,0.00,0.00,2,0
2026-06-12 18:41:28.001,0.00,0.00,0.00,0.00,2,0
2026-06-12 18:41:28.051,0.00,0.00,0.00,0.00,2,0
2026-06-12 18:41:28.102,0.00,0.00,0.00,0.00,2,0
2026-06-12 18:41:28.152,0.00,0.00,0.00,0.00,2,0
2026-06-12 18:41:28.203,0.00,0.00,0.00,0.00,2,0
2026-06-12 18:41:28.254,0.00,0.00,0.00,0.00,2,0
2026-06-12 18:41:28.304,0.00,0.00,0.00,0.00,2,0
2026-06-12 18:41:28.356,0.00,0.00,0.00,0.00,2,0
2026-06-12 18:41:28.404,0.00,0.00,0.00,0.00,2,0
2026-06-12 18:41:28.455,0.00,0.00,0.00,0.00,2,0
2026-06-12 18:41:28.505,0.00,0.00,0.00,0.00,2,0
2026-06-12 18:41:28.557,0.00,0.00,0.00,0.00,2,0
2026-06-12 18:41:28.606,0.00,0.00,0.00,0.00,2,0
2026-06-12 18:41:28.656,0.00,0.00,0.00,0.00,2,0
2026-06-12 18:41:28.707,0.00,0.00,0.00,0.00,2,0
2026-06-12 18:41:28.757,0.00,0.00,0.00,0.00,2,0
2026-06-12 18:41:28.807,0.00,0.00,0.00,0.00,2,0
2026-06-12 18:41:28.858,0.00,0.00,0.00,0.00,2,0
2026-06-12 18:41:28.908,0.00,0.00,0.00,0.00,2,0
2026-06-12 18:41:28.958,0.00,0.00,0.00,0.00,2,0
2026-06-12 18:41:29.009,0.00,0.00,0.00,0.00,2,0
2026-06-12 18:41:29.059,0.00,0.00,0.00,0.00,2,0
2026-06-12 18:41:29.110,0.00,0.00,0.00,0.00,2,0
2026-06-12 18:41:29.160,0.00,0.00,0.00,0.00,2,0
2026-06-12 18:41:29.210,0.00,0.00,0.00,0.00,2,0
2026-06-12 18:41:29.261,0.00,0.00,0.00,0.00,2,0
2026-06-12 18:41:29.311,0.00,0.00,0.00,0.00,2,0
2026-06-12 18:41:29.362,0.00,0.00,0.00,0.00,2,0
2026-06-12 18:41:29.412,0.00,0.00,0.00,0.00,2,0
2026-06-12 18:41:29.463,0.00,0.00,0.00,0.00,2,0
2026-06-12 18:41:29.513,0.00,0.00,0.00,0.00,2,0
2026-06-12 18:41:29.563,0.00,0.00,0.00,0.00,2,0
2026-06-12 18:41:29.614,0.00,0.00,0.00,0.00,2,0
2026-06-12 18:41:29.664,0.00,0.00,0.00,0.00,2,0
2026-06-12 18:41:29.714,0.00,0.00,0.00,0.00,2,0
2026-06-12 18:41:29.765,0.00,0.00,0.00,0.00,2,0
2026-06-12 18:41:29.815,0.00,0.00,0.00,0.00,2,0
2026-06-12 18:41:29.865,0.00,0.00,0.00,0.00,2,0
2026-06-12 18:41:29.916,0.00,0.00,0.00,0.00,2,0
2026-06-12 18:41:29.966,0.00,0.00,0.00,0.00,2,0
2026-06-12 18:41:30.017,0.00,0.00,0.00,0.00,2,0
2026-06-12 18:41:30.067,0.00,0.00,0.00,0.00,2,0
2026-06-12 18:41:30.117,0.00,0.00,0.00,0.00,2,0
2026-06-12 18:41:30.168,0.00,0.00,0.00,0.00,2,0
2026-06-12 18:41:30.218,0.00,0.00,0.00,0.00,2,0
2026-06-12 18:41:30.269,0.00,0.00,0.00,0.00,2,0
2026-06-12 18:41:30.319,0.00,0.00,0.00,0.00,2,0
2026-06-12 18:41:30.369,0.00,0.00,0.00,0.00,2,0
2026-06-12 18:41:30.420,0.00,0.00,0.00,0.00,2,0
2026-06-12 18:41:30.470,0.00,0.00,0.00,0.00,2,0
2026-06-12 18:41:30.521,0.00,0.00,0.00,0.00,2,0
2026-06-12 18:41:30.571,0.00,0.00,0.00,0.00,2,0
2026-06-12 18:41:30.621,0.00,0.00,0.00,0.00,2,0
2026-06-12 18:41:30.672,0.00,0.00,0.00,0.00,2,0
2026-06-12 18:41:30.722,0.00,0.00,0.00,0.00,2,0
2026-06-12 18:41:30.773,0.00,0.00,0.00,0.00,2,0
2026-06-12 18:41:30.826,0.00,0.00,0.00,0.00,2,0
2026-06-12 18:41:30.874,0.00,0.00,0.00,0.00,2,0
2026-06-12 18:41:30.924,0.00,0.00,0.00,0.00,2,0
2026-06-12 18:41:30.974,0.00,0.00,0.00,0.00,2,0
2026-06-12 18:41:31.024,0.00,0.00,0.00,0.00,2,0
2026-06-12 18:41:31.075,0.00,0.00,0.00,0.00,2,0
2026-06-12 18:41:31.125,0.00,0.00,0.00,0.00,2,0
2026-06-12 18:41:31.176,0.00,0.00,0.00,0.00,2,0
2026-06-12 18:41:31.226,0.00,0.00,0.00,0.00,2,0
2026-06-12 18:41:31.277,0.00,0.00,0.00,0.00,2,0
2026-06-12 18:41:31.327,0.00,0.00,0.00,0.00,2,0
2026-06-12 18:41:31.377,0.00,0.00,0.00,0.00,2,0
2026-06-12 18:41:31.428,0.00,0.00,0.00,0.00,2,0
2026-06-12 18:41:31.478,0.00,0.00,0.00,0.00,2,0
2026-06-12 18:41:31.528,0.00,0.00,0.00,0.00,2,0
2026-06-12 18:41:31.579,0.00,0.00,0.00,0.00,2,0
2026-06-12 18:41:31.629,0.00,0.00,0.00,0.00,2,0
2026-06-12 18:41:31.680,0.00,0.00,0.00,0.00,2,0
2026-06-12 18:41:31.730,0.00,0.00,0.00,0.00,2,0
2026-06-12 18:41:31.782,0.00,0.00,0.00,0.00,2,0
2026-06-12 18:41:31.831,0.00,0.00,0.00,0.00,2,0
2026-06-12 18:41:31.882,0.00,0.00,0.00,0.00,2,0
2026-06-12 18:41:31.932,0.00,0.00,0.00,0.00,2,0
2026-06-12 18:41:31.983,0.00,0.00,0.00,0.00,2,0
2026-06-12 18:41:32.042,0.00,0.00,0.00,0.00,2,0
2026-06-12 18:41:32.083,0.00,0.00,0.00,0.00,2,0
2026-06-12 18:41:32.133,0.00,0.00,0.00,0.00,2,0
2026-06-12 18:41:32.183,0.00,0.00,0.00,0.00,2,0
2026-06-12 18:41:32.234,0.00,0.00,0.00,0.00,2,0
2026-06-12 18:41:32.284,0.00,0.00,0.00,0.00,2,0
2026-06-12 18:41:32.335,0.00,0.00,0.00,0.00,2,0
2026-06-12 18:41:32.385,0.00,0.00,0.00,0.00,2,0
2026-06-12 18:41:32.435,0.00,0.00,0.00,0.00,2,0
2026-06-12 18:41:32.486,0.00,0.00,0.00,0.00,2,0
2026-06-12 18:41:32.536,0.00,0.00,0.00,0.00,2,0
2026-06-12 18:41:32.587,0.00,0.00,0.00,0.00,2,0
2026-06-12 18:41:32.638,0.00,0.00,0.00,0.00,2,0
2026-06-12 18:41:32.688,0.00,0.00,0.00,0.00,2,0
2026-06-12 18:41:32.738,0.00,0.00,0.00,0.00,2,0
2026-06-12 18:41:32.788,0.00,0.00,0.00,0.00,2,0
2026-06-12 18:41:32.839,0.00,0.00,0.00,0.00,2,0
2026-06-12 18:41:32.891,0.00,0.00,0.00,0.00,2,0
2026-06-12 18:41:32.939,0.00,0.00,0.00,0.00,2,0
2026-06-12 18:41:32.990,0.00,0.00,0.00,0.00,2,0
2026-06-12 18:41:33.040,0.00,0.00,0.00,0.00,2,0
2026-06-12 18:41:33.091,0.00,0.00,0.00,0.00,2,0
2026-06-12 18:41:33.143,0.00,0.00,0.00,0.00,2,0
2026-06-12 18:41:33.191,0.00,0.00,0.00,0.00,2,0
2026-06-12 18:41:33.242,0.00,0.00,0.00,0.00,2,0
2026-06-12 18:41:33.292,0.00,0.00,0.00,0.00,2,0
2026-06-12 18:41:33.343,0.00,0.00,0.00,0.00,2,0
2026-06-12 18:41:33.394,0.00,0.00,0.00,0.00,2,0
2026-06-12 18:41:33.444,0.00,0.00,0.00,0.00,2,0
2026-06-12 18:41:33.495,0.00,0.00,0.00,0.00,2,0
2026-06-12 18:41:33.544,0.00,0.00,0.00,0.00,2,0
2026-06-12 18:41:33.594,0.00,0.00,0.00,0.00,2,0
2026-06-12 18:41:33.645,0.00,0.00,0.00,0.00,2,0
2026-06-12 18:41:33.695,0.00,0.00,0.00,0.00,2,0
2026-06-12 18:41:33.746,0.00,0.00,0.00,0.00,2,0
2026-06-12 18:41:33.796,0.00,0.00,0.00,0.00,2,0
2026-06-12 18:41:33.846,0.00,0.00,0.00,0.00,2,0
2026-06-12 18:41:33.897,0.00,0.00,0.00,0.00,2,0
2026-06-12 18:41:33.947,0.00,0.00,0.00,0.00,2,0
2026-06-12 18:41:33.998,0.00,0.00,0.00,0.00,2,0
2026-06-12 18:41:34.048,0.00,0.00,0.00,0.00,2,0
2026-06-12 18:41:34.103,0.00,0.00,0.00,0.00,2,0
2026-06-12 18:41:34.149,0.00,0.00,0.00,0.00,2,0
2026-06-12 18:41:34.199,0.00,0.00,0.00,0.00,2,0
2026-06-12 18:41:34.250,0.00,0.00,0.00,0.00,2,0
2026-06-12 18:41:34.300,0.00,0.00,0.00,0.00,2,0
2026-06-12 18:41:34.350,0.00,0.00,0.00,0.00,2,0
2026-06-12 18:41:34.401,0.00,0.00,0.00,0.00,2,0
2026-06-12 18:41:34.451,0.00,0.00,0.00,0.00,2,0
2026-06-12 18:41:34.502,0.00,0.00,0.00,0.00,2,0
2026-06-12 18:41:34.552,0.00,0.00,0.00,0.00,2,0
2026-06-12 18:41:34.603,0.00,0.00,0.00,0.00,2,0
2026-06-12 18:41:34.654,0.00,0.00,0.00,0.00,2,0
2026-06-12 18:41:34.704,0.00,0.00,0.00,0.00,2,0
2026-06-12 18:41:34.754,0.00,0.00,0.00,0.00,2,0
2026-06-12 18:41:34.804,0.00,0.00,0.00,0.00,2,0
2026-06-12 18:41:34.854,0.00,0.00,0.00,0.00,2,0
2026-06-12 18:41:34.905,0.00,0.00,0.00,0.00,2,0
2026-06-12 18:41:34.955,0.00,0.00,0.00,0.00,2,0
2026-06-12 18:41:35.006,0.00,0.00,0.00,0.00,2,0
2026-06-12 18:41:35.056,0.00,0.00,0.00,0.00,2,0
2026-06-12 18:41:35.107,0.00,0.00,0.00,0.00,2,0
2026-06-12 18:41:35.157,0.00,0.00,0.00,0.00,2,0
2026-06-12 18:41:35.207,0.00,0.00,0.00,0.00,2,0
2026-06-12 18:41:35.257,0.00,0.00,0.00,0.00,2,0
2026-06-12 18:41:35.308,0.00,0.00,0.00,0.00,2,0
2026-06-12 18:41:35.359,0.00,0.00,0.00,0.00,2,0
2026-06-12 18:41:35.410,0.00,0.00,0.00,0.00,2,0
2026-06-12 18:41:35.459,0.00,0.00,0.00,0.00,2,0
2026-06-12 18:41:35.510,0.00,0.00,0.00,0.00,2,0
2026-06-12 18:41:35.560,0.00,0.00,0.00,0.00,2,0
2026-06-12 18:41:35.610,0.00,0.00,0.00,0.00,2,0
2026-06-12 18:41:35.661,0.00,0.00,0.00,0.00,2,0
2026-06-12 18:41:35.711,0.00,0.00,0.00,0.00,2,0
2026-06-12 18:41:35.761,0.00,0.00,0.00,0.00,2,0
2026-06-12 18:41:35.812,0.00,0.00,0.00,0.00,2,0
2026-06-12 18:41:35.862,0.00,0.00,0.00,0.00,2,0
2026-06-12 18:41:35.913,0.00,0.00,0.00,0.00,2,0
2026-06-12 18:41:35.964,0.00,0.00,0.00,0.00,2,0
2026-06-12 18:41:36.014,0.00,0.00,0.00,0.00,2,0
2026-06-12 18:41:36.064,0.00,0.00,0.00,0.00,2,0
2026-06-12 18:41:36.115,0.00,0.00,0.00,0.00,2,0
2026-06-12 18:41:36.164,0.00,0.00,0.00,0.00,2,0
2026-06-12 18:41:36.215,0.00,0.00,0.00,0.00,2,0
2026-06-12 18:41:36.266,0.00,0.00,0.00,0.00,2,0
2026-06-12 18:41:36.316,0.00,0.00,0.00,0.00,2,0
2026-06-12 18:41:36.366,0.00,0.00,0.00,0.00,2,0
2026-06-12 18:41:36.416,0.00,0.00,0.00,0.00,2,0
2026-06-12 18:41:36.467,0.00,0.00,0.00,0.00,2,0
2026-06-12 18:41:36.517,0.00,0.00,0.00,0.00,2,0
2026-06-12 18:41:36.568,0.00,0.00,0.00,0.00,2,0
2026-06-12 18:41:36.619,0.00,0.00,0.00,0.00,2,0
2026-06-12 18:41:36.669,0.00,0.00,0.00,0.00,2,0
2026-06-12 18:41:36.720,0.00,0.00,0.00,0.00,2,0
2026-06-12 18:41:36.769,0.00,0.00,0.00,0.00,2,0
2026-06-12 18:41:36.821,0.00,0.00,0.00,0.00,2,0
2026-06-12 18:41:36.872,0.00,0.00,0.00,0.00,2,0
2026-06-12 18:41:36.921,0.00,0.00,0.00,0.00,2,0
2026-06-12 18:41:36.976,0.00,0.00,0.00,0.00,2,0
2026-06-12 18:41:37.021,0.00,0.00,0.00,0.00,2,0
2026-06-12 18:41:37.072,0.00,0.00,0.00,0.00,2,0
2026-06-12 18:41:37.122,0.00,0.00,0.00,0.00,2,0
2026-06-12 18:41:37.172,0.00,0.00,0.00,0.00,2,0
2026-06-12 18:41:37.224,0.00,0.00,0.00,0.00,2,0
2026-06-12 18:41:37.274,0.00,0.00,0.00,0.00,2,0
2026-06-12 18:41:37.324,0.00,0.00,0.00,0.00,2,0
2026-06-12 18:41:37.374,0.00,0.00,0.00,0.00,2,0
2026-06-12 18:41:37.424,0.00,0.00,0.00,0.00,2,0
2026-06-12 18:41:37.475,0.00,0.00,0.00,0.00,2,0
2026-06-12 18:41:37.525,0.00,0.00,0.00,0.00,2,0
2026-06-12 18:41:37.575,0.00,0.00,0.00,0.00,2,0
2026-06-12 18:41:37.626,0.00,0.00,0.00,0.00,2,0
2026-06-12 18:41:37.676,0.00,0.00,0.00,0.00,2,0
2026-06-12 18:41:37.727,0.00,0.00,0.00,0.00,2,0
2026-06-12 18:41:37.777,0.00,0.00,0.00,0.00,2,0
2026-06-12 18:41:37.828,0.00,0.00,0.00,0.00,2,0
2026-06-12 18:41:37.878,0.00,0.00,0.00,0.00,2,0
2026-06-12 18:41:37.929,0.00,0.00,0.00,0.00,2,0
2026-06-12 18:41:37.979,0.00,0.00,0.00,0.00,2,0
2026-06-12 18:41:38.029,0.00,0.00,0.00,0.00,2,0
2026-06-12 18:41:38.079,0.00,0.00,0.00,0.00,2,0
2026-06-12 18:41:38.130,0.00,0.00,0.00,0.00,2,0
2026-06-12 18:41:38.182,0.00,0.00,0.00,0.00,2,0
2026-06-12 18:41:38.231,0.00,0.00,0.00,0.00,2,0
2026-06-12 18:41:38.282,0.00,0.00,0.00,0.00,2,0
2026-06-12 18:41:38.332,0.00,0.00,0.00,0.00,2,0
2026-06-12 18:41:38.382,0.00,0.00,0.00,0.00,2,0
2026-06-12 18:41:38.432,0.00,0.00,0.00,0.00,2,0
2026-06-12 18:41:38.483,0.00,0.00,0.00,0.00,2,0
2026-06-12 18:41:38.534,0.00,0.00,0.00,0.00,2,0
2026-06-12 18:41:38.586,0.00,0.00,0.00,0.00,2,0
2026-06-12 18:41:38.635,0.00,0.00,0.00,0.00,2,0
2026-06-12 18:41:38.684,0.00,0.00,0.00,0.00,2,0
2026-06-12 18:41:38.735,0.00,0.00,0.00,0.00,2,0
2026-06-12 18:41:38.785,0.00,0.00,0.00,0.00,2,0
2026-06-12 18:41:38.836,0.00,0.00,0.00,0.00,2,0
2026-06-12 18:41:38.886,0.00,0.00,0.00,0.00,2,0
2026-06-12 18:41:38.936,0.00,0.00,0.00,0.00,2,0
2026-06-12 18:41:38.986,0.00,0.00,0.00,0.00,2,0
2026-06-12 18:41:39.038,0.00,0.00,0.00,0.00,2,0
2026-06-12 18:41:39.087,0.00,0.00,0.00,0.00,2,0
2026-06-12 18:41:39.138,0.00,0.00,0.00,0.00,2,0
2026-06-12 18:41:39.188,0.00,0.00,0.00,0.00,2,0
2026-06-12 18:41:39.239,0.00,0.00,0.00,0.00,2,0
2026-06-12 18:41:39.289,0.00,0.00,0.00,0.00,2,0
2026-06-12 18:41:39.339,0.00,0.00,0.00,0.00,2,0
2026-06-12 18:41:39.390,0.00,0.00,0.00,0.00,2,0
2026-06-12 18:41:39.441,0.00,0.00,0.00,0.00,2,0
2026-06-12 18:41:39.490,0.00,0.00,0.00,0.00,2,0
2026-06-12 18:41:39.541,0.00,0.00,0.00,0.00,2,0
2026-06-12 18:41:39.592,0.00,0.00,0.00,0.00,2,0
2026-06-12 18:41:39.642,0.00,0.00,0.00,0.00,2,0
2026-06-12 18:41:39.692,0.00,0.00,0.00,0.00,2,0
2026-06-12 18:41:39.742,0.00,0.00,0.00,0.00,2,0
2026-06-12 18:41:39.793,0.00,0.00,0.00,0.00,2,0
2026-06-12 18:41:39.843,0.00,0.00,0.00,0.00,2,0
2026-06-12 18:41:39.894,0.00,0.00,0.00,0.00,2,0
2026-06-12 18:41:39.944,0.00,0.00,0.00,0.00,2,0
2026-06-12 18:41:39.995,0.00,0.00,0.00,0.00,2,0
2026-06-12 18:41:40.045,0.00,0.00,0.00,0.00,2,0
2026-06-12 18:41:40.095,0.00,0.00,0.00,0.00,2,0
2026-06-12 18:41:40.146,0.00,0.00,0.00,0.00,2,0
2026-06-12 18:41:40.196,0.00,0.00,0.00,0.00,2,0
2026-06-12 18:41:40.246,0.00,0.00,0.00,0.00,2,0
2026-06-12 18:41:40.297,0.00,0.00,0.00,0.00,2,0
2026-06-12 18:41:40.347,0.00,0.00,0.00,0.00,2,0
2026-06-12 18:41:40.397,0.00,0.00,0.00,0.00,2,0
2026-06-12 18:41:40.448,0.00,0.00,0.00,0.00,2,0
2026-06-12 18:41:40.498,0.00,0.00,0.00,0.00,2,0
2026-06-12 18:41:40.549,0.00,0.00,0.00,0.00,2,0
2026-06-12 18:41:40.599,0.00,0.00,0.00,0.00,2,0
2026-06-12 18:41:40.649,0.00,0.00,0.00,0.00,2,0
2026-06-12 18:41:40.700,0.00,0.00,0.00,0.00,2,0
2026-06-12 18:41:40.750,0.00,0.00,0.00,0.00,2,0
2026-06-12 18:41:40.801,0.00,0.00,0.00,0.00,2,0
2026-06-12 18:41:40.851,0.00,0.00,0.00,0.00,2,0
2026-06-12 18:41:40.902,0.00,0.00,0.00,0.00,2,0
2026-06-12 18:41:40.952,0.00,0.00,0.00,0.00,2,0
2026-06-12 18:41:41.002,0.00,0.00,0.00,0.00,2,0
2026-06-12 18:41:41.053,0.00,0.00,0.00,0.00,2,0
2026-06-12 18:41:41.104,0.00,0.00,0.00,0.00,2,0
2026-06-12 18:41:41.157,0.00,0.00,0.00,0.00,2,0
2026-06-12 18:41:41.205,0.00,0.00,0.00,0.00,2,0
2026-06-12 18:41:41.254,0.00,0.00,0.00,0.00,2,0
2026-06-12 18:41:41.304,0.00,0.00,0.00,0.00,2,0
2026-06-12 18:41:41.355,0.00,0.00,0.00,0.00,2,0
2026-06-12 18:41:41.405,0.00,0.00,0.00,0.00,2,0
2026-06-12 18:41:41.456,0.00,0.00,0.00,0.00,2,0
2026-06-12 18:41:41.507,0.00,0.00,0.00,0.00,2,0
2026-06-12 18:41:41.556,0.00,0.00,0.00,0.00,2,0
2026-06-12 18:41:41.610,0.00,0.00,0.00,0.00,2,0
2026-06-12 18:41:41.657,0.00,0.00,0.00,0.00,2,0
2026-06-12 18:41:41.708,0.00,0.00,0.00,0.00,2,0
2026-06-12 18:41:41.758,0.00,0.00,0.00,0.00,2,0
2026-06-12 18:41:41.808,0.00,0.00,0.00,0.00,2,0
2026-06-12 18:41:41.859,0.00,0.00,0.00,0.00,2,0
2026-06-12 18:41:41.909,0.00,0.00,0.00,0.00,2,0
2026-06-12 18:41:41.960,0.00,0.00,0.00,0.00,2,0
2026-06-12 18:41:42.012,0.00,0.00,0.00,0.00,2,0
2026-06-12 18:41:42.064,0.00,0.00,0.00,0.00,2,0
2026-06-12 18:41:42.111,0.00,0.00,0.00,0.00,2,0
2026-06-12 18:41:42.161,0.00,0.00,0.00,0.00,2,0
2026-06-12 18:41:42.212,0.00,0.00,0.00,0.00,2,0
2026-06-12 18:41:42.262,0.03,0.00,0.00,0.00,1,0
2026-06-12 18:41:42.312,0.03,0.00,1.00,0.30,1,0
2026-06-12 18:41:42.363,0.03,0.00,1.00,0.30,1,0
2026-06-12 18:41:42.414,0.03,0.00,1.00,0.30,1,0
2026-06-12 18:41:42.464,0.03,0.00,1.00,0.30,1,0
2026-06-12 18:41:42.514,0.03,0.00,1.00,0.30,1,0
2026-06-12 18:41:42.564,0.03,0.00,1.00,0.30,1,0
2026-06-12 18:41:42.615,0.03,0.00,1.00,0.30,1,0
2026-06-12 18:41:42.665,0.03,0.00,1.00,0.30,1,0
2026-06-12 18:41:42.716,0.03,0.00,1.00,0.30,1,0
2026-06-12 18:41:42.766,0.03,0.00,1.00,0.30,1,0
2026-06-12 18:41:42.816,0.03,0.00,1.00,0.30,1,0
2026-06-12 18:41:42.868,0.03,0.00,1.00,0.30,1,0
2026-06-12 18:41:42.917,0.03,0.00,1.00,0.30,1,0
2026-06-12 18:41:42.967,0.03,0.00,1.00,0.30,1,0
2026-06-12 18:41:43.018,0.03,0.00,1.00,0.30,1,0
2026-06-12 18:41:43.068,0.03,0.00,1.00,0.30,1,0
2026-06-12 18:41:43.119,0.03,0.00,1.00,0.30,1,0
2026-06-12 18:41:43.169,0.03,0.00,1.00,0.30,1,0
2026-06-12 18:41:43.220,0.03,0.00,1.00,0.30,1,0
2026-06-12 18:41:43.271,0.03,0.00,1.00,0.30,1,0
2026-06-12 18:41:43.324,0.03,0.00,1.00,0.30,1,0
2026-06-12 18:41:43.371,0.03,0.00,1.00,0.30,1,0
2026-06-12 18:41:43.421,0.03,0.00,1.00,0.30,1,0
2026-06-12 18:41:43.472,0.03,0.00,1.00,0.30,1,0
2026-06-12 18:41:43.522,0.03,0.00,1.00,0.30,1,0
2026-06-12 18:41:43.572,0.03,0.00,1.00,0.30,1,0
2026-06-12 18:41:43.624,0.03,0.00,1.00,0.30,1,0
2026-06-12 18:41:43.674,0.03,0.00,1.00,0.30,1,0
2026-06-12 18:41:43.724,0.03,0.00,1.00,0.30,1,0
2026-06-12 18:41:43.774,0.03,0.00,1.00,0.30,1,0
2026-06-12 18:41:43.824,0.03,0.00,1.00,0.30,1,0
2026-06-12 18:41:43.875,0.03,0.00,1.00,0.30,1,0
2026-06-12 18:41:43.925,0.03,0.00,1.00,0.30,1,0
2026-06-12 18:41:43.975,0.03,0.00,1.00,0.30,1,0
2026-06-12 18:41:44.026,0.03,0.00,1.00,0.30,1,0
2026-06-12 18:41:44.076,0.03,0.00,1.00,0.30,1,0
2026-06-12 18:41:44.127,0.03,0.00,1.00,0.30,1,0
2026-06-12 18:41:44.177,0.03,0.00,1.00,0.30,1,0
2026-06-12 18:41:44.227,0.03,0.00,1.00,0.30,1,0
2026-06-12 18:41:44.278,0.00,0.00,1.00,0.30,1,0
2026-06-12 18:41:44.328,0.00,0.00,0.00,0.00,1,0
2026-06-12 18:41:44.379,0.00,0.00,0.00,0.00,1,0
2026-06-12 18:41:44.429,0.00,0.00,0.00,0.00,1,0
2026-06-12 18:41:44.479,0.00,0.00,0.00,0.00,1,0
2026-06-12 18:41:44.531,0.00,0.00,0.00,0.00,1,0
2026-06-12 18:41:44.580,0.00,0.00,0.00,0.00,1,0
2026-06-12 18:41:44.630,0.00,0.00,0.00,0.00,1,0
2026-06-12 18:41:44.682,0.00,0.00,0.00,0.00,1,0
2026-06-12 18:41:44.731,0.00,0.00,0.00,0.00,1,0
2026-06-12 18:41:44.782,0.00,0.00,0.00,0.00,1,0
2026-06-12 18:41:44.832,0.00,0.00,0.00,0.00,1,0
2026-06-12 18:41:44.883,0.00,0.00,0.00,0.00,1,0
2026-06-12 18:41:44.934,0.00,0.00,0.00,0.00,1,0
2026-06-12 18:41:44.984,0.00,0.00,0.00,0.00,1,0
2026-06-12 18:41:45.034,0.00,0.00,0.00,0.00,1,0
2026-06-12 18:41:45.085,0.00,0.00,0.00,0.00,1,0
2026-06-12 18:41:45.135,0.00,0.00,0.00,0.00,1,0
2026-06-12 18:41:45.185,0.00,0.00,0.00,0.00,1,0
2026-06-12 18:41:45.235,0.00,0.00,0.00,0.00,1,0
2026-06-12 18:41:45.286,0.00,0.00,0.00,0.00,1,0
2026-06-12 18:41:45.336,0.03,0.00,0.00,0.00,0,0
2026-06-12 18:41:45.386,0.03,0.00,0.91,0.27,0,0
2026-06-12 18:41:45.437,0.03,0.00,0.91,0.27,0,0
2026-06-12 18:41:45.488,0.03,0.00,0.91,0.27,0,0
2026-06-12 18:41:45.538,0.03,0.00,0.91,0.27,0,0
2026-06-12 18:41:45.588,0.03,0.00,0.91,0.27,0,0
2026-06-12 18:41:45.638,0.03,0.00,0.91,0.27,0,0
2026-06-12 18:41:45.690,0.03,0.00,0.91,0.27,0,0
2026-06-12 18:41:45.739,0.03,0.00,0.91,0.27,0,0
2026-06-12 18:41:45.790,0.03,0.00,0.91,0.27,0,0
2026-06-12 18:41:45.840,0.03,0.00,0.91,0.27,0,0
2026-06-12 18:41:45.890,0.03,0.00,0.91,0.27,0,0
2026-06-12 18:41:45.941,0.03,0.00,0.91,0.27,0,0
2026-06-12 18:41:45.992,0.03,0.00,0.91,0.27,0,0
2026-06-12 18:41:46.042,0.03,0.00,0.91,0.27,0,0
2026-06-12 18:41:46.092,0.03,0.00,0.91,0.27,0,0
2026-06-12 18:41:46.142,0.03,0.00,0.91,0.27,0,0
2026-06-12 18:41:46.193,0.03,0.00,0.91,0.27,0,0
2026-06-12 18:41:46.244,0.03,0.00,0.91,0.27,0,0
2026-06-12 18:41:46.294,0.03,0.00,0.91,0.27,0,0
2026-06-12 18:41:46.344,0.03,0.00,0.91,0.27,0,0
2026-06-12 18:41:46.395,0.03,0.00,0.91,0.27,0,0
2026-06-12 18:41:46.445,0.03,0.00,0.91,0.27,0,0
2026-06-12 18:41:46.495,0.03,0.00,0.91,0.27,0,0
2026-06-12 18:41:46.546,0.03,0.00,0.91,0.27,0,0
2026-06-12 18:41:46.596,0.03,0.00,0.91,0.27,0,0
2026-06-12 18:41:46.646,0.03,0.00,0.91,0.27,0,0
2026-06-12 18:41:46.697,0.03,0.00,0.91,0.27,0,0
2026-06-12 18:41:46.747,0.03,0.00,0.91,0.27,0,0
2026-06-12 18:41:46.798,0.03,0.00,0.91,0.27,0,0
2026-06-12 18:41:46.848,0.03,0.00,0.91,0.27,0,0
2026-06-12 18:41:46.898,0.03,0.00,0.91,0.27,0,0
2026-06-12 18:41:46.949,0.03,0.00,0.91,0.27,0,0
2026-06-12 18:41:46.999,0.03,0.00,0.91,0.27,0,0
2026-06-12 18:41:47.050,0.03,0.00,0.91,0.27,0,0
2026-06-12 18:41:47.100,0.03,0.00,0.91,0.27,0,0
2026-06-12 18:41:47.150,0.03,0.00,0.91,0.27,0,0
2026-06-12 18:41:47.201,0.03,0.00,0.91,0.27,0,0
2026-06-12 18:41:47.251,0.03,0.00,0.91,0.27,0,0
2026-06-12 18:41:47.301,0.00,0.00,0.91,0.27,0,0
2026-06-12 18:41:47.352,0.20,0.00,0.00,0.00,2,0
2026-06-12 18:41:47.402,0.20,0.00,5.92,1.78,2,0
2026-06-12 18:41:47.454,0.20,0.00,5.92,1.78,2,0
2026-06-12 18:41:47.504,0.20,0.00,5.92,1.78,2,0
2026-06-12 18:41:47.554,0.20,0.00,5.92,1.78,2,0
2026-06-12 18:41:47.604,0.20,0.00,5.92,1.78,2,0
2026-06-12 18:41:47.654,0.20,0.00,5.92,1.78,2,0
2026-06-12 18:41:47.705,0.20,0.00,5.92,1.78,2,0
2026-06-12 18:41:47.755,0.20,0.00,5.92,1.78,2,0
2026-06-12 18:41:47.806,0.20,0.00,5.92,1.78,2,0
2026-06-12 18:41:47.856,0.20,0.00,5.92,1.78,2,0
2026-06-12 18:41:47.907,0.20,0.00,5.92,1.78,2,0
2026-06-12 18:41:47.957,0.20,0.00,5.92,1.78,2,0
2026-06-12 18:41:48.007,0.20,0.00,5.92,1.78,2,0
2026-06-12 18:41:48.058,0.20,0.00,5.92,1.78,2,0
2026-06-12 18:41:48.108,0.20,0.00,5.92,1.78,2,0
2026-06-12 18:41:48.158,0.20,0.00,5.92,1.78,2,0
2026-06-12 18:41:48.209,0.20,0.00,5.92,1.78,2,0
2026-06-12 18:41:48.259,0.20,0.00,5.92,1.78,2,0
2026-06-12 18:41:48.309,0.20,0.00,5.92,1.78,2,0
2026-06-12 18:41:48.360,0.20,0.00,5.92,1.78,2,0
2026-06-12 18:41:48.410,0.20,0.00,5.92,1.78,2,0
2026-06-12 18:41:48.461,0.20,0.00,5.92,1.78,2,0
2026-06-12 18:41:48.511,0.20,0.00,5.92,1.78,2,0
2026-06-12 18:41:48.561,0.20,0.00,5.92,1.78,2,0
2026-06-12 18:41:48.612,0.20,0.00,5.92,1.78,2,0
2026-06-12 18:41:48.662,0.20,0.00,5.92,1.78,2,0
2026-06-12 18:41:48.716,0.20,0.00,5.92,1.78,2,0
2026-06-12 18:41:48.764,0.20,0.00,5.92,1.78,2,0
2026-06-12 18:41:48.814,0.20,0.00,5.92,1.78,2,0
2026-06-12 18:41:48.865,0.20,0.00,5.92,1.78,2,0
2026-06-12 18:41:48.914,0.20,0.00,5.92,1.78,2,0
2026-06-12 18:41:48.964,0.20,0.00,5.92,1.78,2,0
2026-06-12 18:41:49.015,0.20,0.00,5.92,1.78,2,0
2026-06-12 18:41:49.065,0.20,0.00,5.92,1.78,2,0
2026-06-12 18:41:49.116,0.20,0.00,5.92,1.78,2,0
2026-06-12 18:41:49.166,0.20,0.00,5.92,1.78,2,0
2026-06-12 18:41:49.216,0.20,0.00,5.92,1.78,2,0
2026-06-12 18:41:49.267,0.20,0.00,5.92,1.78,2,0
2026-06-12 18:41:49.318,0.00,0.00,5.92,1.78,2,0
2026-06-12 18:41:49.368,0.00,0.00,0.00,0.00,2,0
2026-06-12 18:41:49.418,0.00,0.00,0.00,0.00,2,0
2026-06-12 18:41:49.468,0.00,0.00,0.00,0.00,2,0
2026-06-12 18:41:49.519,0.00,0.00,0.00,0.00,2,0
2026-06-12 18:41:49.569,0.00,0.00,0.00,0.00,2,0
2026-06-12 18:41:49.620,0.00,0.00,0.00,0.00,2,0
2026-06-12 18:41:49.670,0.00,0.00,0.00,0.00,2,0
2026-06-12 18:41:49.720,0.00,0.00,0.00,0.00,2,0
2026-06-12 18:41:49.771,0.00,0.00,0.00,0.00,2,0
2026-06-12 18:41:49.821,0.00,0.00,0.00,0.00,2,0
2026-06-12 18:41:49.872,0.00,0.00,0.00,0.00,2,0
2026-06-12 18:41:49.925,0.00,0.00,0.00,0.00,2,0
2026-06-12 18:41:49.972,0.00,0.00,0.00,0.00,2,0
2026-06-12 18:41:50.023,0.00,0.00,0.00,0.00,2,0
2026-06-12 18:41:50.074,0.00,0.00,0.00,0.00,2,0
2026-06-12 18:41:50.124,0.00,0.00,0.00,0.00,2,0
2026-06-12 18:41:50.174,0.00,0.00,0.00,0.00,2,0
2026-06-12 18:41:50.224,0.00,0.00,0.00,0.00,2,0
2026-06-12 18:41:50.275,0.00,0.00,0.00,0.00,2,0
2026-06-12 18:41:50.325,0.00,0.00,0.00,0.00,2,0
2026-06-12 18:41:50.376,0.00,0.00,0.00,0.00,2,0
2026-06-12 18:41:50.426,0.00,0.00,0.00,0.00,2,0
2026-06-12 18:41:50.476,0.00,0.00,0.00,0.00,2,0
2026-06-12 18:41:50.527,0.00,0.00,0.00,0.00,2,0
2026-06-12 18:41:50.578,0.00,0.00,0.00,0.00,2,0
2026-06-12 18:41:50.628,0.00,0.00,0.00,0.00,2,0
2026-06-12 18:41:50.678,0.00,0.00,0.00,0.00,2,0
2026-06-12 18:41:50.728,0.00,0.00,0.00,0.00,2,0
2026-06-12 18:41:50.779,0.00,0.00,0.00,0.00,2,0
2026-06-12 18:41:50.829,0.00,0.00,0.00,0.00,2,0
2026-06-12 18:41:50.880,0.00,0.00,0.00,0.00,2,0
2026-06-12 18:41:50.930,0.00,0.00,0.00,0.00,2,0
2026-06-12 18:41:50.981,0.00,0.00,0.00,0.00,2,0
2026-06-12 18:41:51.031,0.00,0.00,0.00,0.00,2,0
2026-06-12 18:41:51.082,0.00,0.00,0.00,0.00,2,0
2026-06-12 18:41:51.133,0.00,0.00,0.00,0.00,2,0
2026-06-12 18:41:51.182,0.00,0.00,0.00,0.00,2,0
2026-06-12 18:41:51.232,0.00,0.00,0.00,0.00,2,0
2026-06-12 18:41:51.283,0.00,0.00,0.00,0.00,2,0
2026-06-12 18:41:51.335,0.00,0.00,0.00,0.00,2,0
2026-06-12 18:41:51.384,0.00,0.00,0.00,0.00,2,0
2026-06-12 18:41:51.434,0.00,0.00,0.00,0.00,2,0
2026-06-12 18:41:51.485,0.00,0.00,0.00,0.00,2,0
2026-06-12 18:41:51.535,0.00,0.00,0.00,0.00,2,0
2026-06-12 18:41:51.585,0.00,0.00,0.00,0.00,2,0
2026-06-12 18:41:51.646,0.00,0.00,0.00,0.00,2,0
2026-06-12 18:41:51.687,0.00,0.00,0.00,0.00,2,0
2026-06-12 18:41:51.736,0.00,0.00,0.00,0.00,2,0
2026-06-12 18:41:51.787,0.00,0.00,0.00,0.00,2,0
2026-06-12 18:41:51.837,0.00,0.00,0.00,0.00,2,0
2026-06-12 18:41:51.887,0.00,0.00,0.00,0.00,2,0
2026-06-12 18:41:51.938,0.00,0.00,0.00,0.00,2,0
2026-06-12 18:41:51.988,0.00,0.00,0.00,0.00,2,0
2026-06-12 18:41:52.040,0.00,0.00,0.00,0.00,2,0
2026-06-12 18:41:52.089,0.00,0.00,0.00,0.00,2,0
2026-06-12 18:41:52.139,0.00,0.00,0.00,0.00,2,0
2026-06-12 18:41:52.192,0.00,0.00,0.00,0.00,2,0
2026-06-12 18:41:52.240,0.00,0.00,0.00,0.00,2,0
